{"gsat": {"average_tries": 5.661, "average_final_flips": 91.1, "average_total_flips": 1251.689, "stdev total_flips": 2295.4705128043256}, "tsat": {"average_tries": 5.491, "average_final_flips": 91.605, "average_total_flips": 1209.864, "stdev total_flips": 2051.91984945138}, "gtsat(0.25)": {"average_tries": 5.649, "average_final_flips": 95.936, "average_total_flips": 1253.537, "stdev total_flips": 2149.200015665908}, "gtsat(0.50)": {"average_tries": 5.667, "average_final_flips": 93.484, "average_total_flips": 1255.567, "stdev total_flips": 2167.225017340559}, "gtsat(0.75)": {"average_tries": 5.588, "average_final_flips": 90.631, "average_total_flips": 1233.043, "stdev total_flips": 1816.743268944805}}